{
  "name": "sadness-chan",
  "title": "Sadness Chan",
  "description": "A chat 'bot' for FoundryVTT that's full of 'happy' and 'motivational' messages, to pick you up when your rolls let you down.",
  "version": "1.1.0",
  "authors": ["bmarian", "HadaIonut"],
  "esmodules": ["sadness-chan.js"],
  "styles": ["sadness-chan.css"],
  "minimumCoreVersion": "0.6.4",
  "compatibleCoreVersion": "0.7.0",
  "url": "https://github.com/bmarian/sadness-chan",
  "manifest": "https://raw.githubusercontent.com/bmarian/sadness-chan/f-0.7.x/src/module.json",
  "download": "https://github.com/bmarian/sadness-chan/raw/f-0.7.x/package/sadness-chan-v1.1.0.zip",
  "changelog": "https://github.com/bmarian/sadness-chan/releases"
}